予算事業ID,府省庁,局・庁,事業の概要,当初予算,歳出予算現額,現状・課題,事業名,事業概要URL
86,内閣官房,副長官補付,特定複合観光施設の区域の整備の推進に関する法律及び特定複合観光施設区域整備法に基づき、特定複合観光施設区域の整備の推進に係る企画及び立案並びに総合調整等を行うために必要な調査等を実施する。,22585000.0,22585000.0,特定複合観光施設の区域の整備の推進に関する法律及び特定複合観光施設区域整備法においては、ＩＲ整備の推進にあたって、健全なカジノ事業の収益を活用し、地域の創意工夫及び民間の活力を生かすことにより、国際競争力の高い魅力ある滞在型観光の実現を目指すこととされている。,特定複合観光施設区域整備推進室経費,
91,内閣府,大臣官房,公文書管理に関する諸課題を毎年度設定し、当該課題について民間企業や諸外国等の実態調査を行い、それぞれのベストプラクティスを踏まえ、日本の公文書管理制度の在るべき姿の検討に活用する。本事業を通じ、公文書管理に関する諸課題について有識者の議論も踏まえた上で幅広く調査検討を行う。／なお、新たな国立公文書館の開館に向けては、令和3年5月に「新たな国立公文書館建設に係る実施設計」を取りまとめ、建物についての方向性を示し、令和6年3月には「新国立公文書館展示基本計画」を決定し、展示についての方向性を示した。令和3年度から開催している「魅力ある新国立公文書館の展示・運営の在り方に関する検討会」において、引き続き運営等の在り方について検討を進めている。,42745000.0,42745000.0,公文書管理の制度の検討を行うに当たっては、デジタル化の進展や公文書の利用に対するニーズの多様化という潮流も踏まえる必要がある。／また、新たな国立公文書館が、国の歴史の象徴としてふさわしく、世界に誇れる施設として運営されるよう、機能や体制の段階的な整備を早急に進める必要があるとの要請を「世界に誇る国民本位の新たな国立公文書館の建設を実現する議員連盟」から受けている。,国立公文書館の展示・運営の在り方等に関する調査検討経費,https://www8.cao.go.jp/chosei/koubun/shinkan/shinkan.html
112,内閣府,政策統括官（経済財政分析担当）,地方創生の担い手に対して、地域におけるデータ利活用を推進する取組を行う。具体的には、①全国の地方支分部局に配置した政策調査員を派遣してデータ利活用を促すための支援活動を実施するほか、②地域の政策立案を支援するワークショップや研修・セミナー等に向けた産業、人口、観光、農業などの地方創生の各専門分野において高度な知識・経験を有する有識者の紹介・派遣、③データ分析に基づいた地方創生施策に関するアイデアを募集するコンテスト等のイベントの開催や令和7年度に開催される大阪・関西万博において、地域のオープンデータ等を活用した企画展示等を実施する。,110732000.0,223018000.0,地域におけるエビデンスに基づいた地方公共団体の政策の企画立案（EBPM）を推進するため、地域経済に関する様々なオープンデータを地図やグラフ等で分かりやすく表示する地域経済分析システム（RESAS）の普及・活用を促進し、地方版総合戦略の策定や地方創生の推進に向けた取組等を情報面から支援している。地方公共団体において、RESAS等のデータ利活用ツールの活用は進展しており、EBPMの取組も進んでいるものの、地方公共団体のEBPM実施状況をみると、特に小規模の地方公共団体や施策の効果検証の場面において、データの利活用を行った割合が低い点が課題である。こうしたデータの利活用が進んでいない部分については対面型の取組を通じた先進事例の創出を行うほか、EBPMの取組が進展している場面においては活用事例等を用いた横展開の取組を通じて、地域の社会課題を効果的・効率的に推進することが求められる。,地方版総合戦略の推進に必要な経費,https://www.chisou.go.jp/sousei/resas/index.html
243,内閣府,日本学術会議,科学者間のネットワーク構築に寄与するため、各地域で、日本学術会議で集積した研究成果や学術情報の提供を行うほか、地域の科学者からの意見・要望等を聴取するため、科学者懇談会、地区会議公開学術講演会を開催する。,7436000.0,7436000.0,各地区（北海道、東北、中部、近畿、中国・四国、九州・沖縄）において、地域及び最近の話題などをテーマとした地区会議主催公開学術講演会、地域の科学者の意見を聴く場である科学者懇談会を開催し、地域の学術振興、科学者ネットワークを図っているところ、可能な限り開催経費を抑えつつ、参加者数を増加させる必要がある。／そのため、開催に当たっては、地域社会と関係の深いテーマや、議論が高まっているなど時宜にかなったテーマ、演者を選定し、魅力的な講演会等を開催すべく、引き続き各地区を支援していく必要がある。,科学者間ネットワークの構築,https://www.scj.go.jp/ja/area/index.html
304,内閣府,男女共同参画局,＜関係府省の施策全体の推進等に係る取組＞／①ＤＶ、性犯罪・性暴力などの暴力の根絶に係る政策の企画、立案、推進（改正DV防止法の円滑な運用及び施行後の状況を踏まえたＤＶ対策の強化、性犯罪・性暴力対策の更なる強化の方針に基づく関係省庁の施策の推進等）【非予算事業】　／②男女間における暴力に関する調査の実施【３年に１度実施（直近は令和５年度）】　／③広報啓発：⑤～⑦の相談窓口等の広報を含めた配偶者等からの暴力や、性犯罪・性暴力などのあらゆる暴力の根絶に向けた広報を実施。【15百万円（当初）】／／＜配偶者暴力被害者の支援等のため直接実施する事業＞／④性暴力・配偶者暴力被害者等支援交付金：都道府県等に対する交付金により、官民連携の下での民間シェルター等の先進的活動を支援。【316百万円（当初）】／⑤ＤＶ相談プラス：DV被害者の相談窓口として、24時間フリーダイヤルの電話相談、SNS相談、メール相談を提供。【351百万円（補正）】／／＜性犯罪・性暴力被害者の支援等のため直接実施する事業＞／⑥性犯罪・性暴力被害者支援のための交付金：都道府県等に対する交付金により、ワンストップ支援センターの運営の安定化（支援員の処遇改善等）及び被害者支援機能の強化（24時間365日対応化等）等を推進。【493百万円（当初）、108百万円（補正）】／⑦性暴力被害者等相談体制整備事業：多様な相談ニーズに対応するためSNS相談対応を実施。また、夜間休日に対応が難しいワンストップ支援センターの支援のため、夜間休日コールセンターを運営。【304百万円（補正）】,884717000.0,2472960000.0,・「男女間における暴力に関する調査」（令和５年度）によると、結婚したことがある人の25.1％（女性27.5％、男性22.0％）は、配偶者からの暴力を付けたことがあり、不同意性交等の被害経験のある人は、4.7％（女性8.1％、男性0.7％）に上るなど、深刻な状況である。 一方で、同調査によると、配偶者からの暴力被害の経験のある人の44.2％（女性36.3％、男性57.2％）、不同意性交等の被害を受けた人の55.7％が、どこにも相談していない。／・配偶者等からの暴力や性犯罪・性暴力においては、被害者等が相談しやすい環境や、いつでも必要なときに相談できる体制が必要であり、若年層をはじめSNSやメールなどの多様な相談手段へのニーズが高まっていることも踏まえ、相談手法も含めた相談支援体制の充実を図る必要がある。／・また、配偶者等からの暴力の被害者支援においては、令和６年４月より、改正配偶者暴力防止法や女性支援新法が施行され、相談内容の多様化や件数の増加も見込まれることから、被害者の保護・支援、相談体制の整備や周知等を一層強化していくことが求められる。その一環として、被害者の多様なニーズに対応するため、地方公共団体と先進的かつ専門的な支援を行う民間シェルター等との連携が必要であり、民間シェルター等への支援に関し中核的な役割を担う都道府県をはじめとする地方公共団体の取組への支援の充実を図る必要がある。,女性に対する暴力の根絶に向けた取組に必要な経費,https://www.gender.go.jp/policy/no_violence/index.html
468,消費者庁,,消費者ホットライン188の円滑な運用に向けて、各通信事業者における必要な設備の運営等及び消費者ホットラインの認知度向上に向けた広報を実施するものである。なお、本ホットラインについては、平成27年７月から３桁化（188）している。,121000000.0,121000000.0,消費者が消費者トラブルにあった場合に取り得る行動として、全体の40.7％の方が「市区町村の消費生活センターに相談する」と回答（消費生活相談におけるSNS等の利用に係る調査）しているが、消費生活センター等の連絡先を含め知っている消費者は3.9%（令和元年）にとどまっており、消費生活センター等の連絡先を知らない消費者に窓口を案内することにより、相談の第一歩を支援する必要がある。,消費者ホットラインの運用等,https://www.caa.go.jp/policies/policy/local_cooperation/local_consumer_administration/hotline/
960,外務省,アジア大洋州局,日本台湾交流協会は，民間団体ではあるが，台湾在留邦人の保護，日本人学校の運営管理，本邦入国を目的とする台湾住民，第三国への渡航証明書・査証の交付，貿易・経済関係を円滑に維持するための台湾側との折衝，その他技術交流や文化交流事業など，我が国の在外公館とほぼ同様の業務を行っている。,2414840000.0,2414840000.0,"１．台湾の現在の良好な日台関係は、日本語世代（平均年齢９０歳超）によって築かれた面が強く、今後は若い世代の対日理解者を増加させていくことが極めて重要。こうした認識の下、当協会の各種ツールを総動員して新たな知日派育成をあらゆる分野での交流を促進している。また台湾における対日世論形成に重要な役割を果たす人物に対する一層の対日理解促進を図る他、次世代を担うリーダー候補者の対日理解促進を進めている。　2．台湾の在留邦人数は21,102人（2023年10月現在）に達する中で、邦人保護業務の重要性は増しており、その実施に遺漏なきを期すとともに、ホームページ等のツールを活用して、タイムリーな情報提供、広報の強化を図る必要がある。",アジア友好促進補助金,
1082,外務省,領事局,当課の所掌事務である旅券発給事務に関連し、オンラインを含む旅券の申請・受付・審査・作成・交付・記録・管理等の多岐にわたる業務で必要となる旅券冊子類、申請書類の作成経費、物品消耗品、備品等の購入経費、旅券を作成するためのシステム開発・改修、機器類に係る賃貸借・保守や旅券情報の記録・管理等に必要な備品、役務調達経費及び関連人件費、都道府県や在外公館に上記物品を送付する際に必要な輸送費等の経費。日本国旅券発給のための足腰予算である。また研究会については旅券行政上の様々な問題点につき，有識者から知見を得るための会議開催経費。,9881816000.0,12797296000.0,１　令和６年度中の旅券の集中作成方式への移行及び２０２５年旅券の導入に向けて、関係省庁、都道府県及び関連事業者との間で制度設計やシステム整備のための研究・開発などの準備を引き続き進める。　　　　　　　　　　　　　　　　　　　　　　　　　　　　　　　　　　　　　　　　　　　　　　　　　　　　　　　　　　　　　　　　　　　　　　　　　　　　　　　　　　　　　　　　　　　　　　　　　　　　　　　２　「デジタル社会の実現に向けた重点計画」（令和３年 12 月 24 日閣議決定）にのっとり、令和５年度から国内においてはマイナポータルを活用したオンライン申請を可能とした。 これに伴い、オンライン率向上のため積極的な広報を行う。／３　令和６年度中に、法務省が構築する戸籍情報連携システムにより提供される戸籍電子証明書を利用した戸籍謄本の添付の省略の実現を図るべく、デジタル庁や法務省と緊密に連携し、システム整備のための研究・開発などの準備を進める。／４　国内において一般旅券に関する事務を行っている都道府県及び再委託市町村の職員に対する研修等を引き続き実施することにより、国民への統一的な旅券行政サービスの提供に努める。また、都道府県との間で旅券の電子申請の運用や集中作成方式移行・２０２５年旅券に関する協議・連携を進める。／５　日本国旅券の不正取得・不正使用を防止するため、引き続き、旅券不正取得防止期間の実施による審査の強化に努める。,旅券関連業務,https://www.mofa.go.jp/mofaj/files/100387160.pdf
1094,外務省,領事局,①海外安全対策の啓発を図るため、外務省海外旅行登録「たびレジ」への登録促進や広報冊子の配布等を通じ、海外安全対策にかかる広報を行う。　　　　　　　　　　　　　　　　　　　　　　　　　／　　　　　　　　　　　　　　　　　　　　　　　　　　　　　　　　　　　　　　　　　　　　　　　　　　　　　　　　　　　　　　　　　　　　　　　　　　　　　　　　　　　　　　　　　　　　　　　　　　　　　　　　　　　　　／②海外での安全対策の基本や注意事項を国民に分かりやすく伝えるべく、人気劇画を利用した「ゴルゴ１３の中堅・中小企業向け海外安全対策マニュアル」を活用し、各種広報に取り組む。,15077000.0,15077000.0,ロシアによるウクライナ侵略やイスラエルによるガザ侵攻等、国際情勢はこれまでになく流動化し、海外渡航のリスクは高まっている中で、コロナに伴う水際措置が緩和され、国際的な人の往来が飛躍的に増加しているところ、邦人が被害に遭う蓋然性は格段に高まっている。／日本企業関係者に対し、コロナ以前には存在しなかったリスクを「自らの問題」として認識させ、これらリスクの回避のための傾向と対策、また有事の際の対応方法を体験型訓練を通じて身につけさせ、各企業の海外安全対策を見直してもらうとともに、官と民の連携を引き続き強化することが喫緊の課題。,領事業務啓発に係る経費（広報資料の作成・配付事業）,https://www.ezairyu.mofa.go.jp/tabireg/index.html
1391,財務省,国際局,本拠出金を通じ、主に以下の取り組みを実施。／１．重点分野である質の高いインフラ・防災・保健案件の組成支援や案件実施等に係る技術協力。／２．中南米地域には所得格差の大きな国が多いことを踏まえた、コミュニティ・ベースの小規模案件の支援を通じた格差是正・弱者支援。／３．開発分野における、日本の強みを活かした先駆的な取り組み（防災など）。,1542900000.0,1542900000.0,中南米・カリブ（LAC）地域は、ロシアによるウクライナ侵略の長期化や、世界的なインフレ率上昇などの影響を受けて、引き続き厳しい経済状況に置かれている。／食料不安、気候変動や債務危機といった地球規模の課題に加え、格差や低い労働生産性といった地域の構造的課題に対処し、持続的で強靭かつ包摂的な成長を実現するためには、IDBグループの果たす役割がより一層重要になっている。,米州開発銀行日本特別基金（JSF）への拠出,
1592,文部科学省,高等教育局,独立行政法人日本学生支援機構の貸与型奨学金事業は、教育政策として、学資を希望する家計の厳しい世帯の学生等（大学、短期大学、高等専門学校、大学院、専修学校専門課程）本人に、無担保、無審査（与信無）、無利子又は低利で奨学金を貸与し、かつ長期間にわたって、返還金の回収を行う。,101241471000.0,103754001000.0,令和5年度において、独立行政法人日本学生支援機構の貸与型奨学金事業の貸与人員は約111万人であり、貸与基準を満たす希望者全員に奨学金を貸与している。引き続き、貸与基準を満たす希望者全員への貸与を確実に実施する必要がある。,独立行政法人日本学生支援機構貸与型奨学金事業,
1611,文部科学省,科学技術・学術政策局,○オープンイノベーション機構の整備　／　以下の要素を持つオープンイノベーション機構の整備に関し、高い意欲と優れた構想を持つ大学等に対し、費用・リソース負担も含む大学側のコミットを条件として、5年間国費支援する。／①大学の経営トップによるリーダーシップの下で、プロフェッショナル人材（クリエイティブ・マネージャー）を集めた特別な集中的マネジメント体制の構築／②優れた研究者チームの部局を超えた組織化／　各大学のオープンイノベーション機構においては、億円単位の大型プロジェクトを年間少なくとも数件運営し、支援終了時には間接経費や特許実施料収入などを基にした、自立的経営を目指す。／○高校生等へのアントレプレナーシップ教育の拡大：EDGE-PRIME Initiative（令和4年度補正（第2号）限りの事業）／　スタートアップ創出の抜本的拡大に向けて、その基盤となる人材の量や多様性を増やすため、拠点都市を中心にアントレプレナーシップ教育の機会を、優れた理数系の才能を有するこどもを始め、将来設計の入り口である高校生等へ拡大する。,25147000.0,25147000.0,従来の産学連携は、研究者レベルの小規模・非競争領域（論文発表可）の活動といった大学と企業の研究開発部門の協力が中心。産業界では、従来の産学連携の拡大に加え、研究開発部門のみならず製造部門・事業部門も含めた各階層で大学との連携を行うニーズが顕在化。他方、大学をみると、こうした連携による大型共同研究では、①研究開発の企画、契約額設定、②企業との交渉、③利益相反処理、④進捗管理が複雑化しており、現状のマネジメント体制では対応が極めて困難となっており、企業の事業戦略に深く関わる（競争領域に重点）大型共同研究を集中的にマネジメントする体制の整備が課題となっている。／　また、経済成長や社会課題解決に向けて、イノベーションの担い手である大学等発スタートアップの活躍は必要不可欠であり、民間研究開発投資誘因等を含め、大学等から生まれる優れた研究成果の社会実装を強力に支援することが求められている。,イノベーションシステム整備事業,https://www.mext.go.jp/a_menu/kagaku/openinnovation/index.htm
1622,文部科学省,研究振興局,①学術研究に関する必要な助成、②若手研究者の養成・確保、③学術に関する国際交流の促進、④学術の応用に関する研究の実施、⑤学術の社会的連携・協力の推進、⑥国の助成事業に関する審査・評価、⑦学術の振興に関する調査及び研究等により、資金配分機関（ファンディングエージェンシー）として、大学等の研究者の自由な発想に基づく人文・社会科学から自然科学までのあらゆる分野の研究を総合的に支援するとともに、次世代の人材育成と大学の教育研究機能の向上に対する取組への支援などを行う。,27498267000.0,27498267000.0,我が国の研究現場では、論文の質・量ともに相対的・長期的な地位の低下や、若手をはじめとした研究者の環境改善が課題となっている。また、研究活動や国際的な研究交流についても、ポストコロナにおける在り方の変革が求められている。,独立行政法人日本学術振興会運営費交付金に必要な経費,https://www.mext.go.jp/content/20230324-mxt_gakjokik-100000119_2.pdf
1714,文部科学省,研究開発局,敦賀市において原子力に関する国際シンポジウムを開催し、各回のテーマに関連する様々な事例を国内・海外の講演者から紹介するとともに、地元住民が直接参加するサブイベントの実施により、原子力分野に関する国民理解を深める機会を提供している。また、シンポジウムの動画配信等により、シンポジウム非参加者の原子力分野に関する理解促進にも貢献する。,38840000.0,38840000.0,今後の原子力利用のためには、原子力研究開発の意義や原子力施設の安全対策等に対する国民理解を得る必要がある。／特に、平成28年度に高速増殖原型炉「もんじゅ」の廃止措置への移行が確定した際には、「もんじゅ」周辺地域を我が国の原子力研究や人材育成を支える基盤となる中核的拠点として位置づけており、当該地域を中心として、国民の多様なニーズを踏まえた上での原子力分野の知識・情報の普及を通じ、原子力分野への国民理解を促進することで、拠点化の足掛かりを作る必要がある。,核燃料サイクル関係推進調整等委託費,
1786,文化庁,,○文化芸術創造拠点形成事業／　地方公共団体における地域文化振興に係る機能強化を図るため、専門的人材を活用して実施する、地域アーティストの活動支援や地域住民やステークホルダーとの連携・協働の促進、地域文化資源を活用した文化芸術活動等の総合的な取組を支援する。／○アーティスト・イン・レジデンス型地域協働支援事業／　アーティストの創造力を活用した特色ある地域活性化を図るため、文化芸術団体等が国内外のアーティストを招へいして実施する、地域住民等と協働した創作や研究・調査、発信に係る地域滞在型の取組について支援する（R5は「アーティスト・イン・レジデンス活動支援を通じた国際文化交流促進事業」として実施し、R6より本事業に統合）。／○劇場・音楽堂等活性化・ネットワーク強化事業【令和5年度終了】／　「劇場、音楽堂等の活性化に関する法律」及び「劇場、音楽堂等の事業の活性化のための取組に関する指針」を踏まえ、我が国の劇場・音楽堂等が行う実演芸術の創造発信や専門的人材の養成、普及啓発事業等を総合的に支援することにより、我が国の劇場・音楽堂等の活性化と実演芸術の水準向上を図るとともに、地域コミュニティの創造と再生を推進し、地域の住民が質の高い芸術文化活動に触れられる環境を醸成する（R5で事業終了し、R6より別事業へ統合）。／○国際文化芸術発信拠点形成事業（先進的文化芸術創造活用拠点形成事業）【令和4年度終了】／　日本全国で開催されている芸術祭や地方の行事をコアとした文化芸術事業を充実・発展させ、民間企業を大胆に巻き込みつつ他分野との有機的な連携を図ることで世界にアピールできる我が国を代表する国際文化芸術発信拠点を形成する取組を支援する。,1102757000.0,1102757000.0,○各地域における特色ある主体的な取組を推進し、文化芸術による豊かな社会の実現を目指すためには、地方公共団体や文化芸術団体、アーティスト、地域住民等のステークホルダーが連携・協働して活力のある施策を展開することで、新たな文化芸術を創造する芽を育むソフト基盤を構築・強化していくことが重要。／○文化芸術活動の地域偏在解消のため、地方公共団体における地域文化振興に向けたさらなる機能強化やアーティストと地域住民等との協働活動に係る先進事例の蓄積と活用を相互に連携を図りながら総合的・戦略的に推進していくことが必要。,地域文化共創基盤の構築,https://www.chiikiglocal.go.jp/index.html
1823,文化庁,,史跡等に指定された地域内の土地等については、所在する遺跡等を保護するため、現状変更許可制度により規制がかけられている。国による買上げは、史跡等の保存のための土地利用制限に対し、財産権尊重のためにとられる補償的措置として行われるものであり、買上げを行うことにより、重要な遺跡として歴史的・学術的に貴重な価値を維持するばかりでなく、国民的文化遺産でもある宮跡等を保護するものである。買上げに当たっては、指定地内の土地所有者にアンケート調査等を実施し、地権者と協議に基づき必要な買上を実施するものである。,462890000.0,760786000.0,"平城宮跡の土地の買上については、明治３９年に結成された平城宮跡祉保存会の買収等の活動によって開始（大正１３年、保存会所有地を国に寄附）された。その後、昭和３７年、宮跡内での近鉄操車場建設計画が問題となった際、宮跡全体を国有地化する方針が決定され、翌年から国による買い上げ事業が開始された。／また、藤原宮跡及び飛鳥地区については、「飛鳥地方における歴史的風土及び文化財の保存等に関する施策について」（昭和４５年１２月１８日　閣議決定）によって国有地下の方針が決定された。／史跡指定地は全体で2,453,909㎡であり、令和５年度までに買上を行い国有地化された面積は、1,784,277㎡(72.7%)となっている。",平城及び飛鳥・藤原宮跡等の買上,
1900,環境省,大臣官房,意欲的な脱炭素の取組（下記１又は２）を行う地方公共団体等に対し複数年度にわたり継続的かつ包括的に支援する。／１．脱炭素先行地域づくり事業への支援／　2050年カーボンニュートラルを20年前倒しで実現を目指す脱炭素先行地域に選定された地方公共団体に対して、再エネ等設備の導入に加え、基盤インフラ設備や省CO2等設備の導入、これらと一体となってその効果を高めるために実施するソフト事業等を支援／２．重点対策加速化事業への支援／　再エネ発電設備を一定以上導入する地方公共団体に対して、地域共生再エネ等の導入や住宅の省エネ性能の向上などの重点対策の複合実施等を支援,36519631000.0,116687462000.0,2050年カーボンニュートラル及び2030年度46%削減目標の達成に向けて、第６次エネルギー基本計画（令和３年10月22日閣議決定）に基づき、電源構成で再生可能エネルギーの36-38%程度への増加が必要とされ、このうち、政策強化分として、地方公共団体主導による再エネ創出が求められた。そこで、地球温暖化対策推進法に基づく地方公共団体実行計画（事務事業編、区域施策編）の策定とともに、地域特性に応じて脱炭素事業に意欲的に取り組み、地域課題の解決にも資する取組を行う地方公共団体を集中的、重点的に支援するため、複数年度にわたって継続的かつ包括的に支援する財政制度として交付金を創設したところ。本交付金を通じたCO2削減や地域課題の解決とともに、波及効果として更なる地域脱炭素の促進が期待されている。,地域脱炭素移行・再エネ推進交付金,https://policies.env.go.jp/policy/roadmap/assets/grants/chiiki-datsutanso-kofukin-R6.pdf
2045,厚生労働省,医政局,①プログラム責任者講習会／歯科医師臨床研修のプログラム責任者を養成するために実施する講習会に必要な経費に対する補助（定額）を行う。／②臨床研修活性化推進特別事業／指導歯科医の資質向上を目的とし、指導歯科医講習会の講師の育成及び指導歯科医のフォローアップ研修を実施にかかる費用を補助（定額）を行う。,20279000.0,20279000.0,歯科医師臨床研修は、平成18年度から、従来の努力義務から必修化する形で導入された。／研修歯科医が臨床研修の到達目標を達成するためには、良質な研修プログラムと適切な指導体制の確保が重要,歯科医師臨床研修指導医講習会費,
2059,厚生労働省,医政局,以下の事業を通じて、医療機関におけるサイバーセキュリティ対策の強化を図る。／①　医療情報化人材育成事業／地域の医療機関に対し、情報化に関する助言・指導・計画の策定と実施を行うための人材を育成するため、「病院情報システムの構築方策」、「地域医療連携の確立方策」、「医療安全を考慮したシステム運用」、「システムのセキュリティとプライバシー保護」、「医療分野のＩＴ化のための目標を達成するための計画策定方策」等について研修を行っている。／②　医療分野におけるサイバーセキュリティ対策調査事業 医療機関のセキュリティ対策は、「医療情報システムの安全管理に関するガイドライン」に基づき、各医療機関が自主的に取組を進めてきているところである。昨今、国内の医療機関を標的としたランサムウェアによるサイバー攻撃被害が増加（ランサムウエアにより、長期にわたり診療が停止した複数の事例が発生）したことから、医療機関のサイバーセキュリティ対策の徹底を図る。／③医療機関におけるサイバーセキュリティ確保事業／医療機関におけるサイバーセキュリティの更なる確保のため、外部ネットワークとの接続の安全性の検証・検査や、オフライン・バックアップ体制の整備等を実施する。,100460000.0,5001070000.0,・病院などの保健医療に関わる組織・団体でデジタルトランスフォーメーション(DX)を推進することは保健医療行政において急務とされており、その実務を担当しリーダーとして活躍する人材が求められている。／・近年の医療機関を標的としたサイバー攻撃に対して、研修等を通じて平時からの対策徹底の周知や、実際に攻撃を受けた際の初動対応の支援が必要である。／・厚生労働省では医療機関に全ての外部接続ネットワーク接続点を確認することを求めているが、特に中・大規模病院は多数の部門システムで構成されているため、てのネットワーク接続を俯瞰的に把握することが重要である。／・サイバーセキュリティ事案が生じた際の速やかな復旧のためには、オフライン・バックアップが有効であり、医療機関においてオフライン・バックアップ環境を整備することが重要である。,医療情報セキュリティ等対策経費,https://www.mhlw.go.jp/stf/seisakunitsuite/bunya/kenkou_iryou/iryou/johoka/cyber-security.html
2064,厚生労働省,医政局,毎年11月25日を含む１週間に実施される医療安全推進週間の普及啓発を行う。,2695000.0,2695000.0,「患者の安全を守るための共同行動（PSA）」の一環として、平成13年度から11月25日（いい医療に向かってGO）を含む１週間を「医療安全推進週間」と位置づけている。当該事業では各厚生（支）局において医療従事者を対象としたワークショップ開催と国民への普及啓発のためのポスター作成を行っている。医療安全関連の講演会等を行うことで医療従事者だけでなく、国民へも医療安全への理解を深める活動を引き続き実施し医療安全への更なる意識の向上に努める必要がある。,患者安全推進（ＰＳＡ）事業,
2154,厚生労働省,健康・生活衛生局,①ハンセン病療養所退所者に対して、退所者給与金を支給。／②裁判上の和解が成立したハンセン病療養所非入所者に対して非入所者給与金を支給。／③ハンセン病療養所退所者給与金の受給者の遺族に対して支援金を支給。,2295147000.0,2295147000.0,ハンセン病問題の解決の促進に関する法律第１５条に基づき、ハンセン病療養所退所者給与金、ハンセン病療養所非入所者給与金及び特定配偶者等支援金を支給しているところであるが、受給者の高齢化に伴い、隔月ごとの申請手続を行うことが困難なケースも散見されるようになっている。そのため、受給者の請求手続をサポートする体制の強化が求められている。,退所者等対策経費,
2157,厚生労働省,健康・生活衛生局,①ハンセン病に関する討論会、ハンセン病講座の開催、地域啓発の促進、国立ハンセン病資料館の運営。／②ハンセン病療養所入所者の社会復帰者の支援。／③沖縄県におけるハンセン病の外来診療所への財政支援、社会復帰者への自立助長、ハンセン病に関する知識の啓発普及。／④ハンセン病問題に関する検証会議最終報告書の提言を検討し、その検討結果を活用するための施策の実施状況等の検討。,872554000.0,875955000.0,ハンセン病問題の解決の促進に関する法律に基づき、ハンセン病の患者であった者等の福祉の増進を図ることを基本とし、入所者対策、普及啓発対策、社会復帰支援対策等の施策を推進しているところであるが、特に、当時の体験などを後世に語りつなげることが重要な課題となっている。しかしながら、入所者や元患者の方々の高齢化により、貴重な証言を記録する時間は、わずかしか残されていない。同様に、高齢化により、社会生活に支障が出ている方々のための相談体制の強化が求められている。,ハンセン病対策事業委託費,
2224,厚生労働省,医薬局,①エイズ患者遺族等相談事業、ヤコブ病サポートネットワーク事業、ヤコブ病サポートネットワーク事業（補助率10/10）／　血液製剤によるHIV感染により家族を亡くした遺族等のための相談や相談員を対象とした研修を行う。ヒト乾燥硬膜の移植によりクロイツフェルト･ヤコブ病を発症し家族を亡くした遺族等のための相談や相談員を対象とした研修会等を行う。／②サリドマイド被害者生活支援等事業（補助率10/10）／医療･介護等に専門的な知識を有する相談員がサリドマイド被害者に対する訪問調査を行い、日常生活上の問題点へのアドバイスなどを実施する。,160696000.0,160696000.0,"令和3年度のエイズ患者遺族等及びヤコブ患者遺族等相談事業における相談件数は4,579件、サリドマイド被害者生活支援等事業における相談件数は3,553件であった。／被害者を看取ってきた遺族も高齢化や孤立化のため困難が増してきている。薬害による偏見を恐れて地域との関係を断ってきた多くの遺族は周囲に話しができる人もおらず、一人で悲しみを抱え孤立している人も少なくない。／そこで、多様な支援ニーズ等に応じたきめ細やかな対応ができる総合的な相談支援体制の整備に努めていく必要がある。",エイズ患者遺族等相談事業,
2262,厚生労働省,医政局,医療法第２５条第３項に基づく立入検査については、厚生労働大臣の承認を得た臨床研究中核病院の各施設に赴き、法令により定められている人員及び構造設備等を有し、適正な管理が行われているかを検査し、不適切な場合は指導等を通じ改善を図る。,802000.0,802000.0,令和６年４月時点で臨床研究中核病院は15施設となる（令和５年４月10日に１施設追加）,臨床研究実施体制確保対策費,https://www.mhlw.go.jp/stf/seisakunitsuite/bunya/tyukaku.html
2308,厚生労働省,保険局,高額な医薬品や医療機器について、それらの医療技術の効率性(費用対効果）について精緻に評価を行い、償還価格について検討を行う。また、中医協等に報告するための先行する欧米等の諸外国における費用対効果評価の現状等の調査や、費用対効果評価の専門的知識や技術を有する人材が国立保健医療科学院のみならず、製造販売業者やアカデミア等においても不足していることを鑑みて、費用対効果評価制度の発展に貢献しうる専門人材育成の取り組みを行う。,967632000.0,967632000.0,我が国においては、諸外国と比べて費用対効果評価の導入が遅れたため、費用対効果評価で使用するための疫学データ、費用やQOLデータの蓄積が不十分である。我が国の現状や国民性を反映させた費用対効果評価を実施するためには、それらのデータの収集･蓄積が課題となっている。,医療技術の費用対効果を評価するために必要な経費,
2365,厚生労働省,健康・生活衛生局,輸入食品の安全性確保については、食品安全基本法第6条において国の責務として定められるとともに、第10条において法制上、財政上必要な措置を講じることとされている。／これに従い、厚生労働省においては、食品衛生法第23条の規定に基づき、毎年度「輸入食品監視指導計画」をパブリックコメント実施の上策定し、必要な検査項目、検査件数等を定め検疫所における検査を実施している。,1878623000.0,2652949000.0,"本事業は、日本人の食事の約6割（カロリーベース）を占める、輸入食品の安全性を水際で確保するものであり、広く国民のニーズがあり、国費を投入して実施すべき必要な事業である。また、輸入食品の安全を確保するためには、全国均一に実施する必要があり、国が実施するべき事業である。調達案件について、幅広に一般競争入札を実施するとともに、少額随意契約による場合であっても複数者から見積を徴取し、最低価格の者と契約を締結する等、競争性を確保している。令和５年度の輸入届出件数は速報値で約235万件、モニタリング検査は計画数100,109件に対し、速報値で延べ101,096件を実施した。令和６年度においては、モニタリング検査は100,224件計画している。届出数が年々増加している中、輸入食品の安全性を確保するため、必要な検査数を確実に実施しなければならない。",輸入食品の検査に必要な事業,https://www.mhlw.go.jp/stf/seisakunitsuite/bunya/kenkou_iryou/shokuhin/yunyu_kanshi/index.html
2800,厚生労働省,年金局,国庫負担金等を財源として、特別障害給付金の給付を行う。,2407483000.0,2407483000.0,特別障害給付金受給者に対し、特別障害給付金の給付を着実に行っている。今後とも、給付費の支払いに支障をきたさぬように、支払実績等を踏まえ必要な予算額を確保するとともに、適正な執行を行うなどの取組を進める必要がある。,特別障害給付金給付に必要な経費,https://www.mhlw.go.jp/stf/seisakunitsuite/bunya/hukushi_kaigo/shougaishahukushi/kyuhukin/index.html
2956,厚生労働省,大臣官房,各研究事業毎に評価委員会を設置し、研究開発課題の採択に関する事前評価、研究の進捗を評価する中間評価、研究が適切に行われたか等を評価する事後評価を実施する等、厚生労働科学研究費補助金等の各研究事業が適切かつ効果的に実施されるための事業を実施している。,48097000.0,47997000.0,厚生労働科学研究費補助金による研究事業等の公的に行われる研究について、適切に評価し、戦略性のある効率的な費用配分と適正な研究事業運営を確保して必要な研究を推進するため、「厚生労働省の研究助成等の在り方に関する省内検討会」において、評価の適切性や政策への連動性、効率・適正な運営等の確保の観点等から検討が行われ、「研究助成の改善等に向けた基本的な方向性について」（平成22年7月29日厚生労働省省内検討会報告書）（以下、「検討会報告書」という。）が取りまとめられている。大綱的指針及び検討会報告書を踏まえて、厚生労働省の科学研究開発（試験、調査等を含む。）に関する研究開発プログラム、研究開発課題、研究開発機関及び研究者の業績の評価について、個人情報保護の観点に配慮しつつ、外部評価の実施、国際的な視点からの評価の実施、評価結果の公開、研究費等の研究開発資源の配分への適切な反映等を行うことにより、研究開発評価の一層、適切かつ効果的な実施を図ることが必要であり、各研究事業毎に評価委員会を設置し、研究開発課題の採択に関する事前評価、研究の進捗を評価する中間評価、研究が適切に行われたか等を評価する事後評価を実施する等、厚生労働科学研究費補助金等の各研究事業が適切かつ効果的に実施されるための事業を実施しており、引き続き各事業毎に研究開発課題の評価を行う必要がある。,研究評価推進事業費,
3330,水産庁,,水産機構が中長期目標に基づき作成した中長期計画及び年度計画に掲げる、①水産業の持続可能な発展のための水産資源に関する研究開発、②水産業の持続可能な発展のための生産技術に関する研究開発、③漁業、養殖業のための新たな生産技術定着のための開発調査、④水産業界を担う人材の育成等を実施するために必要な資金の交付及び効率的かつ効果的な研究を推進する上で必要な施設の整備・改修並びに漁業調査船の代船建造に要する経費を補助。（定額補助）,17061694000.0,22549426000.0,我が国においては、漁船の高船齢化、漁業者の減少・高齢化の進行など水産物の生産体制が脆弱化するとともに、水産資源の減少等により生産量が減少傾向にある。／このような状況の中で、水産資源の適切な管理と水産業の成長産業化を両立させ、漁業者の所得向上と年齢バランスのとれた漁業就業構造を確立することを目指し、新たな漁業法における水産資源調査・評価の高度化、輸出拡大にも寄与する漁業・養殖業の発展のための研究開発、気候変動、不漁問題への対応、漁業就業者の減少を見据えた生産性の向上、人材育成などの課題に対して優れた研究開発成果等を生み出し、水産資源の適切な管理、水産業の成長産業化等の施策実現や「みどりの食料システム戦略」を推進する必要がある。,国立研究開発法人水産研究・教育機構に要する経費,
3443,林野庁,,本事業は、「森林･林業基本計画」に即した重点施策の内容や当庁の取組状況などについて情報誌「林野」に掲載し、計画の推進状況等を広く国民に周知するものである。／・職員等が執筆した原稿を基に、情報誌を編集し、版下を製作する。／・製作した版下をPDFファイルにし、林野庁のウェブサイトに掲載するとともに、SNS等で広報する。／・製作した版下を印刷し、多数の来場者が想定され、閲覧による2次利用が期待できる図書館等のほか、地方公共団体、報道関係者、教育関係者、国有林モニター等へ発送、配布する。／注：図書館利用者や国有林モニターには、パソコンを持たず、電子媒体では情報を入手する手段がない高齢者なども多いため、印刷物の配布は不可欠である。,12236000.0,12236000.0,国土の約7割を占める森林は、国土の保全、水源の涵養、地球温暖化の防止、生物多様性の保全、景観・文化の形成など重要な役割を担っているが、森林・林業に関する施策は、一般に人口の少ない山間地域で実施されており、国民にとって馴染みが薄く、また専門的で分かりにくいと考えられている。このため、施策対象の森林・林業・木材産業関係者はもとより、木材の消費者ともなる一般国民に対し、いかに林野庁の施策情報を分かりやすい表現で、広報し、理解を得るかが課題となっている。／　広報活動としては、報道機関に対するプレスリリース、ホームページによる情報提供のほか、紙媒体の情報紙「林野」の発行・配布を行うほか、それらの情報をFacebook、X（旧Twitter）などのSNSで積極的に発信していく必要がある。,林野庁情報誌「林野」に必要な経費,
3584,経済産業省,商務情報政策局商務・サービスG,国際博覧会条約第32条の規定（分担金の割当て）に基づき、BIE総会で決定された分担金を拠出する。,8583000.0,8583000.0,国際博覧会条約第32条の規定（分担金の割当て）に基づき、BIE総会で決定された分担金を拠出する。,博覧会国際事務局（BIE）分担金,https://www.meti.go.jp/main/yosan/yosan_fy2023/pr/ip/shosa_09.pdf
3806,経済産業省,資源エネルギー庁,水素社会実現に向けて、水素利用・生産の鍵となる燃料電池技術及び水電解技術等の更なる普及拡大を促進する。実施内容としては、下記の3項目である。／(1)共通課題解決型基盤技術開発／(2)水素利用等高度化先端技術開発／(3)燃料電池等の多用途活用実現技術開発／本事業については、令和6年度が最終年度であり、最終的な成果を出すことに注力することに加え、著しい成果・進捗が得られている技術開発案件に関して、実用化に向けた加速的な取り組みのために研究開発費の増額を行い、当該技術開発が加速的に発展させられるよう支援を拡大する。,7750000000.0,7750000000.0,燃料電池（FC）は水素の化学エネルギーを直接電気エネルギーへ変換する発電装置であって、運輸分野や電力・熱供給分野の脱炭素化に資する技術として普及に向けた取組が世界的に進められている。一方、水電解装置は燃料電池の逆反応であり、水素社会の最上流を担う水素製造技術として、世界的にも需要が急速に高まっている。我が国でも、2030年・2040年以降の目標をロードマップとして示すなど、用途の拡大と社会全体への普及を目指し、開発の方向性を示したところである。欧米が燃料電池技術の開発について猛追する中、我が国として競争力を持ち続けるためにも、燃料電池及び水電解装置の革新的な技術開発をオールジャパンとして取り組んでいく必要がある。,水素社会実現に向けた革新的燃料電池技術等の活用のための研究開発事業,https://www.meti.go.jp/main/yosangaisan/fy2024/pr/en/shoshin_taka_03.pdf
3821,経済産業省,資源エネルギー庁,発電用原子炉等をめぐる諸外国の原子力政策の変化や国内外の産業界の動向等、今後の原子力政策の的確な立案に資する調査を行う。,155000000.0,155000000.0,原子力については、エネルギー基本計画において「安全性の確保を大前提に、長期的なエネルギー需給構造の安定性に寄与する重要なベースロード電源である」と位置付けられている。東京電力福島第一原子力発電所事故後の、米国、英国等の諸外国の原子力政策や、革新技術開発状況等、国内外の原子力関連事業者の構成等がめまぐるしく変化している現状や今後の方針を把握し、今後我が国が採るべき政策の企画立案を行う必要がある。,原子力の利用状況等に関する調査委託費,https://www.meti.go.jp/main/yosan/yosan_fy2023/pr/en/denga_riyou_02.pdf
3865,経済産業省,イノベーション・環境局ＧＸグループ,CO2排出削減に資する我が国の優れた脱炭素技術・製品等の海外における導入及び実証を行うとともに、CO2削減効果の定量化手法の開発及び測定・報告・検証（MRV）等を実施し、実現した排出削減のJCMクレジット化を行う。,700000000.0,700000000.0,2021年に改定された地球温暖化対策計画では、2013年度比46％削減の目標達成に向けて、「二国間クレジット制度（JCM）」を活用して、「途上国等への優れた脱炭素技術、製品、システム、サービス、インフラ等の普及や対策実施を通じ、実現した温室効果ガス排出削減・吸収への我が国の貢献を定量的に評価するとともに、我が国のNDCの達成に活用するため、JCMを構築・実施していく。これにより、官民連携で2030年度までの累積で、１億t-CO2程度の国際的な排出削減・吸収量の確保を目標とする」としている。／目標達成に向け、JCMプロジェクトを着実に進める必要があり、本事業を通じて技術的課題の克服等に取り組むことが必要。／今後のプロジェクト数の拡大に向けては、従来の取組を基礎に置きながら、国の予算にも限りがあることから、政府資金に頼らない民間独自のプロジェクト実施を本格化させる必要がある。,二国間クレジット制度（JCM）等推進事業のうち民間主導によるJCM等を通じた低炭素技術国際展開事業,https://www.meti.go.jp/main/yosangaisan/fy2024/pr/en/sangi_taka_27.pdf
3920,特許庁,,登録調査機関において、出願後直ちに分類と多観点タームの同時付与（一元付与）を行い、先行技術文献調査に必要なデータの作成を行う。,4940621000.0,4940621000.0,我が国の産業の競争力を維持・向上し、国際社会で確たる地位を占め続けるため、世界最速・最高品質の審査を実現し、その審査結果を国内外へ早期発信する必要がある。そのため、令和６年度における、特許の「権利化までの審査期間」（標準審査期間）と「一次審査通知までの期間」をそれぞれ、平均15月以内、平均10.5月以内とした上で当該迅速性を令和6年度以降も堅持しつつ、特許審査の質の維持・向上を図り、「強く・広く・役に立つ特許権」を付与するための特許審査体制の整備・強化を行う必要がある。,分類・Ｆターム一元付与実施費（事務費）,https://www.meti.go.jp/main/yosan/yosan_fy2024/pr/pdf/pr_tokkyo.pdf#page=18
4006,国土交通省,住宅局,マンション管理適正化・再生推進に当たっての課題解決に向けた以下①～⑤の取組を行う民間事業者等を支援する。／①マンションの新たな維持管理の適正化・再生推進に係る事業／②地方公共団体等によるマンションの管理適正化・再生推進に係る事業／③マンション管理・再生の専門家による相談体制等の整備に係る事業／④マンションの管理適正化・再生推進に関する制度や取組の普及・周知に係る事業／⑤マンション管理適正化・再生推進に当たっての課題解決に向けた成功事例の収集・分析等を行う事業,161608000.0,161608000.0,我が国における分譲マンションのストック数は、2022年末時点で約694万戸（建築着工統計等をもとに国土交通省推計）に達し、試算によれば１割を超える国民がマンションに居住していると推計され、都市部を中心に主要な居住形態となっている。一方で、築40年以上を経過したマンションは2022年末時点で約125万戸存在し、10年後には約2.1倍の約260万戸、20年後には約3.5倍の約445万戸と急増していくことが見込まれている。また、築40年以上のマンションでは、世帯主の55％が70歳以上となっており、居住者の高齢化も進んでいる（令和５年度マンション総合調査）。／このように、建物と居住者両方の高齢化が進んでおり、管理の適正化や再生の円滑化に向けた取組みの強化が喫緊の課題となっているなか、マンションの管理に関する問い合わせや相談への対応等を行うために専任の担当者を配属している地方公共団体は限定的であり、行政におけるマンション政策を進める体制は十分ではない状況である。,マンション管理適正化・再生推進事業,https://www.mlit.go.jp/jutakukentiku/house/jutakukentiku_house_fr5_000024.html
4364,国土交通省,大臣官房,地方公共団体発注工事の受注者は、地域を地盤とする中小建設業が多数を占めており、地方公共団体職員がICT施工に関する知見を習得し、職員自ら中小建設業へのICT施工の普及活動を行えるように、ICT施工技術者の育成を構築。,26926000.0,46926000.0,ICT施工については、ICT対象工事のうち約8割が実施されているが、中小建設業におけるICT施工の経験企業の割合も受注企業全体の約半分にとどまっており、更なるICT施工の普及にあたっては、地方公共団体とりわけ中小建設業への促進が必要不可欠である。,ICT施工技術支援者育成等経費,
4457,国土交通省,国土政策局,むつ小川原開発地域では、これまで、ＩＴＥＲ（国際熱核融合実験炉）関連施設である国際核融合エネルギー研究センターを始め、国家石油備蓄基地、核燃料サイクル施設等の立地が進んでいる。／我が国の産業・研究開発の発展とともに、地域の主体的取組への支援を図るため、引き続き、同地域の有効活用方策に関する調査検討が不可欠である。／このため、令和５年度においては、むつ小川原開発地区内の未利用地を活用した地域の活性化を図る観点から、令和４年度調査におけるカーボンニュートラル関連産業の立地可能性や課題を踏まえ、当該地区におけるカーボンニュートラル分野のスタートアップ企業の具体的な立地集積に向けた対応策について、調査検討を行った。,3126000.0,3126000.0,調査で得られた成果を関係省庁で構成するむつ小川原総合開発会議（実務者級）で説明・共有するとともに、総合的な施策を展開、調整、点検等を行う会議体であるむつ小川原開発推進協議会（六者協）においても、成果の共有、協議・調整等を行っている。,むつ小川原開発推進調査,https://www.mlit.go.jp/kokudoseisaku/kokudoseisaku_tk9_000011.html
4497,国土交通省,大臣官房,公共工事における新技術の導入促進のため、3次元モデルの普及・拡大、新技術の現場実証（新技術導入促進（Ⅱ）型にて発注する工事、NETIS（※）テーマ設定型における実証、マッチングによる新技術の現場試行等）、現場実証・試行を行った技術の効果の検証・評価、インフラDXネットワーク整備等を行う。／／（※）NETIS（New Technology Information System）：新技術の活用のため、新技術に関わる情報の共有及び提供を目的としたシステム。,1075189000.0,5214027000.0,民間企業により公共工事の品質確保、安全性向上に資する新たな技術の開発が行われるが、インフラ分野では、受発注者が新しい技術を活用するインセンティブが生まれにくいことから、新技術の導入促進を図る必要がある。,新技術導入促進に関する経費,https://www.netis.mlit.go.jp/netis/pubtheme/themesettings
4755,環境省,地球環境局,省CO2性能の高いGaNやCNFを活用した製品の社会実装・普及展開の加速を図る。／委託事業で実機搭載における更なる安全性・信頼性・省エネ効果・品質の向上等に向けた技術開発・実証を実施するとともに、補助事業で商用規模生産のためのプロセス設計や設備投資等を支援し、これらの部材・素材の早期の社会実装による大幅なエネルギー消費量の削減を実現する。,3800000000.0,3800000000.0,GaNやCNFは従来の部材・素材を用いた製品に比べて大幅な省CO2を達成することが可能な部材・素材として、普及展開を進める必要がある。環境省はこれまでGaNやCNFの技術開発・実証を実施し、これらの部材・素材を活用した多種多様な電気機器、自動車部品や建材・住宅部材におけるCO2削減効果を実証してきた。一方で、実用化及び社会実装・普及展開に必要な性能やコストを実現できておらず、GaNについてはEV用インバーター等、CNFについてはプラスチックコンテナ等の製品に搭載した際の性能評価や性能向上、コスト面での課題を解決する必要がある。／＊環境省「令和３年度GaN 技術による脱炭素社会・ライフスタイル先導イノベーション事業（高品質GaN 基板を用いた超高効率GaN パワー・光デバイスの技術開発とその実証）成果報告書」／＊環境省「令和２年度セルロースナノファイバー適用部材拡大のための課題解決支援事業委託業務成果報告書」,革新的な省CO2実現のための部材や素材の社会実装・普及展開加速化事業,https://www.env.go.jp/content/000156396.pdf
4777,環境省,地球環境局,APNでは公募型共同研究の推進やワークショップ等の開催によるキャパシティ・ビルディング事業の推進を行う。支援するプロジェクトは、国際公募した上で厳密な審査を経て運営委員会にて承認し、その成果は運営委員会に報告される。また、ネットワークの開発を通し、参加国間の連携を強化するとともに、ウェブやニュースレター、国際会議での成果の公表等を通じた情報発信等を行う。,208960000.0,208960000.0,APNの第5次戦略計画（2020-2026）において5つの目標を掲げている。①アジア太平洋地域に関連する地球変動と持続可能性の研究について地域的・国際的な協力の支援、②地球規模の変化と持続可能性に関する研究に参加し科学に基づいた意思決定を支援する能力の強化、③科学者・政策立案者・実務者・他の社会グループのメンバー間の相互作用を強化し、政策立案プロセスのために健全な科学情報を提供する、④共通の関心を有する類似の組織や他のステークホルダーグループとのコミュニケーションと協働の強化の継続、⑤効率、耐久性及び公平性を追求し、APNとその活動をサポートできるような制度的・運営的・財政的基盤の強化。また、これらの目標を達成するため、社会の多様なステークホルダーに届くようなコミュニケーションやアウトリーチに努めている。これらの活動の成果を評価するための監視・評価のための仕組みを策定中である。,地球環境に関するアジア太平洋地域共同研究・観測事業拠出金,https://ja.apn-gcr.org/主な活動/助成事業/
5231,防衛省,防衛装備庁,Ｐ－３Ｃの老朽化及び除籍減耗に伴う後継として、探知識別能力、飛行性能及び通信能力等の向上が図られたＰ－１を整備する事業である。,87309795000.0,152807638000.0,防衛力整備計画（令和４年１２月１６日国家安全保障会議決定・閣議決定）において、「装備品等の取得及び能力向上等を加速し、領域横断作戦の基本となる陸・海・空の領域の能力を強化する」と計画しているが、Ｐ－３Ｃは耐用命数が近づいており、除籍に伴い配備機数が減少している。今後のＰ－３Ｃの配備機数の減少に対し、所要の哨戒体制を維持させるため、先進的な技術を積極的に活用し、能力向上したＰ－１を整備する必要がある。,固定翼哨戒機（Ｐ－１）の取得,
5362,防衛省,,自衛隊の教育訓練機関において、個々の自衛官の能力の向上、最適な教育訓練を実施するために必要な教材・資器材の購入及び部外教育委託等に係る経費並びに自衛隊の部隊において最適な練成訓練を実施するために必要な物品の購入及び訓練実施に際し必要な役務等に係る経費である。,140786822000.0,142812019000.0,部隊等において自衛官が任務を遂行するためには、教育訓練により専門的な知識や技能を修得させるとともに、各種訓練において、その練度を高める必要がある。また、優秀な人材を正面部隊により多く配置する必要があることから、教育の質を維持しつつ、効率化し期間を短縮する必要がある。,部隊等における教育・訓練に要する経費,
5395,防衛省,,ハイレベル、実務者レベル、部隊レベル、留学生レベルといった様々なレベルにおける交流を実施し、／・ハイレベルでは、防衛大臣と各国との国防大臣の対話、副大臣、大臣政務官、事務次官、防衛審議官、統・陸・海・空幕長クラスの対話、相互訪問等を実施。／・実務者レベルでは、局長、審議官クラスの実務者同士による協議や統幕、陸・海・空自衛隊と関係諸国の統合参謀本部、陸・海・空軍の幕僚との間の対話等、防衛当局の実務者間での対話・交流を実施。／・部隊間レベルでは、陸・海・空自衛隊が、それぞれのカウンターパートとの意見交換や交流を実施。／・留学生レベルでは、外国人の教育訓練を受託している。,870262000.0,842689000.0,わが国を含む国際社会は、今、ロシアによるウクライナ侵略が示すように、深刻な挑戦を受け、新たな危機に突入している。中国は東シナ海、南シナ海において、力による一方的な現状変更やその試みを押し進め、北朝鮮はかつてない高い頻度で弾道ミサイルを発射し、核の更なる小型化を追求するなど行動をエスカレートさせ、ロシアもウクライナ侵略を行うとともに、極東地域での軍事活動を活発化させている。今や、どの国も一国では自国の安全を守ることはできず、戦後の国際秩序への挑戦が続く中、わが国は普遍的価値と戦略的利益等を共有する同志国等と協力・連携を深めていくことが不可欠である。,外国との交流・対話等,
5433,防衛省,防衛装備庁,我が国を取り巻く安全保障環境において、潜水艦の脅威に備えるための能力向上は喫緊の課題であり、昭和５８年度、平成８年度及び平成１９年度計画において海洋観測艦（ＡＧＳ）を建造し、３艦態勢をもって広範な周辺海域の水温構造、海底地形等の対潜戦に必要な海洋環境データの収集を行っている。／一方、昭和５８年度に建造した海洋観測艦は、令和７年度末に除籍予定であり、除籍時期に併せた海洋観測艦の更新が必要である。,4074469000.0,10420469000.0,海洋環境データの収集態勢を維持するため、海洋観測艦を建造している。,海洋観測艦（ＡGＳ）,
6503,こども家庭庁,成育局,こども関連業務従事者の性犯罪歴等確認の仕組み（日本版DBS）を効率的に構築していくために、各種ガイドライン、マニュアル、研修教材等の作成を行う。,81080000.0,352080000.0,こども性暴力防止法を円滑かつ着実に施行するためには、令和７年冬までに、施行に必要なガイドライン、マニュアル、研修教材等を作成し、対象事業者へ周知を行う必要がある。,こども性暴力防止法施行準備,https://www.cfa.go.jp/laws/houan/e81845c0
6528,こども家庭庁,支援局,母子及び父子並びに寡婦福祉法の規定により、国が都道府県・指定都市・中核市が行う資金の貸付けに必要な原資を貸し付け、都道府県・指定都市・中核市が、母子家庭及び父子家庭並びに寡婦に対し、生活に必要な資金やその子の修学に必要な資金等について貸付けを行うものである。／・貸付先：都道府県・指定都市・中核市／・貸付率：2／3,1419259000.0,1419259000.0,●ひとり親家庭等の現状／＜参考＞令和３年度ひとり親世帯等調査／○ひとり親家庭の世帯数　　　　　　　　　母子家庭　 119.5万世帯　父子家庭　14.9万世帯／○ひとり親家庭の就業状況　 　　　　　　母子家庭就業率 86.3%　　父子家庭就業率 88.1%／○ひとり親家庭の平均年間就労収入　 母子家庭 236万円　　　 　父子家庭 496万円／／●課題／１３もの貸付資金のメニューがあるが、件数・金額ともに約９割が児童の修学資金関係となっており、偏りが見られる。,母子父子寡婦福祉貸付金,
6600,総務省,行政管理局,本事業では、競争性に課題のある事業や民間が担うことができる事業を官民競争入札・民間競争入札（いわゆる市場化テスト）の対象とするため、「公共サービス改革基本方針」策定に関する事務を行うほか、公共サービス改革法を着実かつ適正に運用するため、市場化テストの対象事業を実施する各省庁や地方公共団体に対する支援を含め、実務上生じる様々な課題についての調査・検討を行い、指針等を作成するなど、公共サービス改革の推進に向けた取組を行う。,10925000.0,10925000.0,昨今の厳しさを増す財政事情の中で、国民に対して、より良質かつ低廉な公共サービスの提供を目的とした公共サービス改革を推進することは、国及び地方公共団体を通じた我が国全体にとって喫緊かつ重要な課題の一つである。そのため、国又は地方公共団体が行っている公共サービスについて、競争を導入することにより、当該公共サービスの実施主体の切磋琢磨、創意工夫を促すとともに、事務又は事業の内容及び性質に応じた必要な措置を講ずる必要がある。,競争の導入による公共サービス改革推進事業,https://www.soumu.go.jp/main_sosiki/gyoukan/kanri/koukyo_service_kaikaku/index.html
7032,農林水産省,農産局,産地・実需協働プランに参画する生産者が、実需者ニーズに対応するための低コスト生産等に取り組む場合に、取組面積に応じて支援する。,0.0,34000000000.0,主食用米の全国ベースの需要量は一貫して減少傾向にあり、最近は人口減少等を背景に年10万トン程度に減少幅が拡大している。／このような状況の中、麦、大豆等の需要のある作物への作付転換を進めているところ、国内外の新たな需要に対応するためには、産地と実需者の結びつきを強化するとともに、これら両者の強い連携に基づく、実需者ニーズに応じた麦・大豆、野菜等の畑作物の生産を推進していくことが重要である。／このため、実需者ニーズに応じるための低コスト生産や付加価値向上の取組を支援し、麦・大豆、高収益作物、子実用とうもろこしをはじめとした畑作物の導入・定着により、水田農業を需要拡大が期待される畑作物を生産する農業へと転換する必要がある。,畑作物産地形成促進事業,https://www.maff.go.jp/j/syouan/keikaku/soukatu/r6_hata_kome.html
7151,経済産業省,経済産業政策局,企業等が、大学・高等専門学校等の高等教育機関において、自社が必要とする専門性を有する人材の育成を図るための共同講座を設置することを目的として費用を支出する際、当該費用の一部を補助する。また、リスキリングと処遇の連動を推進するため、共同講座によるリスキリングの成果を処遇に反映する場合、補助率を引き上げる。,0.0,349999000.0,デジタル技術や脱炭素化による急激な産業構造の変化の中で、多くの企業は、技術革新により必要となるスキルと現在の従業員のスキルとの間のギャップを認識している。一方で、日本企業の従業員への人材育成は、OJT（オン・ザ・ジョブ・トレーニング）に偏っており、OJT以外の人材投資の国際比較では、欧米の諸外国に比べて低い水準であり、かつ、年を経ることに減少している。こうした状況から脱し、産業界や企業のニーズを踏まえた高度な専門性を有する人材を育成していく観点から、企業と高等教育機関が連携することで、必要な人材を育成する仕組みを整備する必要がある。／また、日本型の雇用慣行の中で、多くの働き手が、リスキリングを通じて新たなスキルを習得する動機付けを欠いており、共同講座への従業員の能動的な参加を促していくため、従業員のリスキリングの成果等を評価し、処遇に反映する取組を推進する必要がある。,高等教育機関における共同講座創造支援事業,https://www.meti.go.jp/policy/innovation_corp/koutou_kyouiku_kikan_niokeru_kyoudoukouzasousyutu.html
7382,厚生労働省,老健局,認知症のVR疑似体験、認知症を正しく理解するための展示、認知症希望大使の活動や共生社会を推進する動画、認知症研究の最新情報の紹介や近年の施策の動向が分かる動画、認知症サポーター講座やチームオレンジの活動状況がわかる動画 など様々な取組みを検討する。／なお、認知症を正しく理解するための展示として、日本と諸外国の認知症（施策）の歴史をひもとくため、各時代で認知症の人を診察していた医師、地域の保健師、認知症の人の家族等の関係者への取材等を通じて、その証言や関係者が所有している写真等を収集するなどを検討している。,23471000.0,67830000.0,現在、認知症はだれもがなりうるものであり、家族や身近な人が認知症になることなどを含め、多くの人にとって身近なものとなっている。また、認知症の発症を遅らせ、認知症になっても希望を持って日常生活を過ごせる社会を目指し、認知症の人や家族の視点を重視しながら、「共生」と「予防」を車の両輪として施策を推進している。,大阪・関西万博における認知症に関する情報発信事業,
7440,国土交通省,大臣官房,ICT施工StageⅡとして、工事全体の「見える化」による建設現場の即時的な工程改善、作業と監督検査の効率化等を図り、それぞれの現場での試行を通じて各種データの仕様策定、既存の監督検査に係る基準改定等を実施する。,30000000.0,30000000.0,建設現場での効率化を行うため、測量・設計/施工計画・施工・検査、それぞれの工程においてICT（情報通信技術）を活用する「ICT施工」に取り組んできているが、少子高齢化等の社会的課題が表面化してきており、更なるステップアップが必要である。,施工データの高度利用による建設現場の最適化検討,
7525,防衛省,防衛装備庁,当該事業では、令和3年度から令和5年度にかけて「EMP弾用電源技術の研究」で弾頭部に適用可能で連続照射可能な電気エネルギー方式の電源部要素、「爆薬発電技術の研究」で高出力化が見込まれる火薬エネルギー方式の電源部要素、「高出力放射技術の研究」で高出力のEMPを放射可能な放射部要素に関する技術資料を得て、令和5年度に「敷設型EMP装備の研究」で前述の要素研究の成果を組み合わせたEMP発生部により技術資料を得る。また、将来EMP装備適用技術について、令和6年度から令和10年度にかけて研究試作を実施し、令和7年度～令和10年度まで所内試験を実施する。,271561000.0,271561000.0,EMP弾に適用可能な技術分野については、米国を中心に研究開発が進むも、技術的優勢確保の観点から各国とも極めて限定した情報しか出しておらず、また市場からの直接入手も困難な状況にある。また、国内においては車両や家電製品等に対する電磁的影響を検査するための設備としての運用例はあるもののロケット弾等に搭載可能な小型・高出力化を追求したものではなく、EMP弾等の限られた容積に格納するためには小型化・高出力化について、研究を行う必要がある。,ＥＭＰ装備に関する研究,
7773,農林水産省,農産局,計画的に省エネルギー化等に取り組む産地を対象に、農業者と国が資金を設け、燃油・ガスの価格が一定の基準を超えた場合に補填金を交付するセーフティネット対策を講じる。　／　（基金に関する事項）／　基金設置年度：平成24年度／　運用形態：取崩型／　事業形態：補塡,0.0,2880000000.0,近年、冬期の加温等に使用される燃料価格は、為替や国際的な商品市況によって大きく変動しており、経営費に占める燃料費の割合が高い施設園芸及び茶農家の経営に影響を及ぼしている。施設園芸においては、燃料高騰の影響を受けにくい経営への転換に加え、みどりの食料システム戦略の推進に向け、「化石燃料のみに依存しない施設への経営転換」が重要であるが、現状は10％程度と足踏みをしている状態。,施設園芸等燃料価格高騰対策,https://www.maff.go.jp/j/seisan/ryutu/engei/nenyu/nenyu_taisaku1.html
19649,林野庁,,花粉の飛散量の予測に資するため、スギ雄花の花芽調査等を進めるとともに、林野庁が実施する花粉症対策の普及啓発等を実施。,39237000.0,39237000.0,"花粉症対策については、これまで進めてきた対策により、花粉の少ないスギ苗木の生産量は 10 年前の約 140 万本から 10 倍の約 1,500 万本へと飛躍的に伸び、全スギ苗木の生産本数のうち約５割を占めるまでに増加している。しかしながら、花粉の少ないスギ苗木の更なる生産拡大を進めるとともに、伐採･植替えを推進するためには、森林所有者への理解の醸成等が必要。",花粉の少ない森林への転換促進対策,https://www.rinya.maff.go.jp/j/rinsei/yosankesan/attach/pdf/R6_kettei_hikou-24.pdf
19879,厚生労働省,医薬局,電子処方箋の利活用・普及を促進するため、導入済の施設等から得られた課題等の情報を整理し、実情を踏まえた医療機関・薬局に対する普及方策や国民に向けた効果的周知広報を実施する。,0.0,792809000.0,電子処方箋は、令和5年1月に全国で運用を開始したが、医療機関・薬局において利活用・普及が十分に進んでいない状況にある。課題として、医療機関・薬局、患者等が電子処方箋の仕組みやメリット等を十分に認識していないことが挙げられるため、医療機関・薬局、患者等に応じた効果的な周知広報を実施する必要がある。,電子処方箋の普及拡大事業,https://www.mhlw.go.jp/stf/denshishohousen.html
20138,総務省,国際戦略局,通信事業者にとどまらずユースケースを有する利用者が、製品化・サービス化に向けた実証ができる環境としてオール光ネットワークの実証基盤環境を段階的に構築するため、簡易的なオール光ネットワーク環境の構築を通じて、 2030年度頃のオール光ネットワークの社会実装に向けた実証基盤環境の運用の在り方等に関する知見を抽出する。,0.0,400000000.0,2022年秋の臨時国会における「国立研究開発法人情報通信研究機構法及び電波法の一部を改正する法律（令和４年法律第 93 号）」の成立により、2023 年３月、国立研究開発法人 情報通信研究機構（以下、「NICT」という。）に革新的な情報通信技術の研究開発のための恒久的な基金（以下、「基金」という。）が設置され、我が国発の技術を確立し、社会実装や海外展開を目指す研究開発が進められている。こうした研究開発を通して、我が国が他国に先駆けたオール光ネットワークを活用した社会課題の解決をするためのユースケースが実装された社会を目指す観点からは、これらの開発成果が揃うことを待つことなく、できるだけ早期にユースケースを有する又は今後有すると想定される利用者が実際に製品化の確認・検証をできる環境の整備が必要となっている。,オール光ネットワーク技術開発の促進及び普及・拡大,
20947,厚生労働省,大臣官房,①　医療記録等の保存に関する取組／　事件に関連する医療記録の電子化、保存を行う。各医療機関と協議の上、電子カルテまたは外部ハードディスク等へ保存し、廃棄が進まない体制を確立する。／②　オーラルヒストリー聴取に関する取組／　診療にあたった医療従事者等の事件関係者に、当時の体験から得られる教訓等の情報を聴取する。,0.0,4416000.0,地下鉄サリン事件から約３０年が経過し、カルテを始めとした当時の医療記録は散逸が進んでいる。また、事件関係者の高齢化により、体験から得られる教訓等の情報が失われつつある。,サリン事件の救護・医療記録等のアーカイブ事業,
20971,総務省,自治行政局,地方公共団体が保有する情報システムに対して、情報システム内部への侵入可否及び侵入後の被害想定を把握すべく、攻撃者が実際に行う最新の攻撃手法を用いて客観的に検証するペネトレーションテストを実施しすることで、セキュリティ対策上の問題点について評価及び助言等を行い、地方公共団体全体の情報セキュリティ水準を向上させる。／また、実施した地方公共団体における調査結果やセキュリティ対策の手法等を他の地方公共団体にも横展開を行うことで地方公共団体全体のセキュリティ対策のレベルを底上げする。,0.0,193655000.0,地方公共団体が保有する情報システムにおけるセキュリティ対策について、情報システム内部への侵入可否及び侵入後の被害想定を把握まで対応できないケースもあり、地方公共団体におけるペネトレーションテストの実施は普及していない。,自治体向けペネトレーションテスト実証事業,
21043,厚生労働省,社会・援護局,文献調査や自治体・ベンダ・事業者団体等への実態調査を行うことで事業者・自治体間の障害福祉関係手続及び関係するシステムの洗い出しを行い、その内容・機能や相互の関係性を明らかにするとともに、システム共通化の検討の対象範囲や課題の検討を行う。その上で、各手続の標準的な業務プロセスを検討し、事務フロー・データフロー（事務フロー間のデータの流れ）・データセット・マスタ（各種業務の判断ロジック）の案を作成する。／また、本システムの対象とする範囲を確定して要件定義をした上で、システムの調達に向けた仕様書や要件定義書等を作成する。,0.0,88000000.0,障害のある方々に障害福祉サービス等を提供する事業者は、障害者総合支援法に基づき、都道府県等から指定を受けるための申請を含む各種申請・届出等の手続を行う必要がある。現在、その手続は、事業者が紙の書類を対面で都道府県等に申請し、都道府県等は紙の書類に基づき、事業所情報をそれぞれ独自の事業所台帳管理システムに入力し、事業所の管理を行っていることが多い。／また、事業所情報を管理する事業所台帳管理システムを都道府県等において整備しているが、３年に一度行われる報酬改定や、その他の改正制度の都度、求められる基礎資料が変わることから、事業所台帳管理システムの改修が必要となり、都道府県等の負担となっている,事業者・自治体間の障害福祉関係手続の共通化に向けた調査・要件定義等委託事業,
